{
    "(50,50,50)": {
        "tanh": {
            "sgd": {
                "0.0001": {
                    "constant": 0.6641666666666667,
                    "adaptive": 0.6975
                },
                "0.05": {
                    "constant": 0.7,
                    "adaptive": 0.6425
                }
            },
            "adam": {
                "0.0001": {
                    "constant": 0.8783333333333333,
                    "adaptive": 0.8808333333333334
                },
                "0.05": {
                    "constant": 0.8758333333333334,
                    "adaptive": 0.8683333333333333
                }
            }
        },
        "relu": {
            "sgd": {
                "0.0001": {
                    "constant": 0.74,
                    "adaptive": 0.6925
                },
                "0.05": {
                    "constant": 0.6825,
                    "adaptive": 0.6858333333333333
                }
            },
            "adam": {
                "0.0001": {
                    "constant": 0.87,
                    "adaptive": 0.7025
                },
                "0.05": {
                    "constant": 0.8716666666666667,
                    "adaptive": 0.8541666666666666
                }
            }
        }
    },
    "(50,100,50)": {
        "tanh": {
            "sgd": {
                "0.0001": {
                    "constant": 0.7133333333333334,
                    "adaptive": 0.6783333333333333
                },
                "0.05": {
                    "constant": 0.7933333333333333,
                    "adaptive": 0.6941666666666667
                }
            },
            "adam": {
                "0.0001": {
                    "constant": 0.6908333333333333,
                    "adaptive": 0.8841666666666667
                },
                "0.05": {
                    "constant": 0.6741666666666667,
                    "adaptive": 0.875
                }
            }
        },
        "relu": {
            "sgd": {
                "0.0001": {
                    "constant": 0.7583333333333333,
                    "adaptive": 0.68
                },
                "0.05": {
                    "constant": 0.7383333333333333,
                    "adaptive": 0.7
                }
            },
            "adam": {
                "0.0001": {
                    "constant": 0.7666666666666667,
                    "adaptive": 0.6925
                },
                "0.05": {
                    "constant": 0.8666666666666667,
                    "adaptive": 0.7208333333333333
                }
            }
        }
    },
    "(8,8,8)": {
        "tanh": {
            "sgd": {
                "0.0001": {
                    "constant": 0.5,
                    "adaptive": 0.7358333333333333
                },
                "0.05": {
                    "constant": 0.5,
                    "adaptive": 0.5
                }
            },
            "adam": {
                "0.0001": {
                    "constant": 0.6691666666666667,
                    "adaptive": 0.49916666666666665
                },
                "0.05": {
                    "constant": 0.6625,
                    "adaptive": 0.835
                }
            }
        },
        "relu": {
            "sgd": {
                "0.0001": {
                    "constant": 0.6741666666666667,
                    "adaptive": 0.6641666666666667
                },
                "0.05": {
                    "constant": 0.6025,
                    "adaptive": 0.6525
                }
            },
            "adam": {
                "0.0001": {
                    "constant": 0.5,
                    "adaptive": 0.5
                },
                "0.05": {
                    "constant": 0.7125,
                    "adaptive": 0.6733333333333333
                }
            }
        }
    },
    "(8,10,8)": {
        "tanh": {
            "sgd": {
                "0.0001": {
                    "constant": 0.49833333333333335,
                    "adaptive": 0.5
                },
                "0.05": {
                    "constant": 0.6741666666666667,
                    "adaptive": 0.49666666666666665
                }
            },
            "adam": {
                "0.0001": {
                    "constant": 0.4975,
                    "adaptive": 0.5
                },
                "0.05": {
                    "constant": 0.6708333333333333,
                    "adaptive": 0.7391666666666666
                }
            }
        },
        "relu": {
            "sgd": {
                "0.0001": {
                    "constant": 0.5266666666666666,
                    "adaptive": 0.7283333333333334
                },
                "0.05": {
                    "constant": 0.6058333333333333,
                    "adaptive": 0.5
                }
            },
            "adam": {
                "0.0001": {
                    "constant": 0.6366666666666667,
                    "adaptive": 0.6941666666666667
                },
                "0.05": {
                    "constant": 0.7175,
                    "adaptive": 0.5
                }
            }
        }
    },
    "highscore": 0.8841666666666667,
    "hyperparams": {
        "activation": "tanh",
        "alpha": 0.0001,
        "hidden_layer_sizes": [
            50,
            100,
            50
        ],
        "learning_rate": "adaptive",
        "solver": "adam"
    },
    "acc": 0.84
}