{
    "rbf": {
        "0.00390625": {
            "1": {
                "0": 0.85,
                "1": 0.85,
                "2": 0.85,
                "3": 0.85
            },
            "4": {
                "0": 0.86,
                "1": 0.86,
                "2": 0.86,
                "3": 0.86
            },
            "16": {
                "0": 0.885,
                "1": 0.885,
                "2": 0.885,
                "3": 0.885
            },
            "0.25": {
                "0": 0.85,
                "1": 0.85,
                "2": 0.85,
                "3": 0.85
            }
        },
        "0.015625": {
            "1": {
                "0": 0.89,
                "1": 0.89,
                "2": 0.89,
                "3": 0.89
            },
            "4": {
                "0": 0.895,
                "1": 0.895,
                "2": 0.895,
                "3": 0.895
            },
            "16": {
                "0": 0.89,
                "1": 0.89,
                "2": 0.89,
                "3": 0.89
            },
            "0.25": {
                "0": 0.855,
                "1": 0.855,
                "2": 0.855,
                "3": 0.855
            }
        },
        "0.0625": {
            "1": {
                "0": 0.885,
                "1": 0.885,
                "2": 0.885,
                "3": 0.885
            },
            "4": {
                "0": 0.89,
                "1": 0.89,
                "2": 0.89,
                "3": 0.89
            },
            "16": {
                "0": 0.89,
                "1": 0.89,
                "2": 0.89,
                "3": 0.89
            },
            "0.25": {
                "0": 0.89,
                "1": 0.89,
                "2": 0.89,
                "3": 0.89
            }
        },
        "auto": {
            "1": {
                "0": 0.88,
                "1": 0.88,
                "2": 0.88,
                "3": 0.88
            },
            "4": {
                "0": 0.875,
                "1": 0.875,
                "2": 0.875,
                "3": 0.875
            },
            "16": {
                "0": 0.845,
                "1": 0.845,
                "2": 0.845,
                "3": 0.845
            },
            "0.25": {
                "0": 0.885,
                "1": 0.885,
                "2": 0.885,
                "3": 0.885
            }
        }
    },
    "sigmoid": {
        "0.00390625": {
            "1": {
                "0": 0.695,
                "1": 0.695,
                "2": 0.695,
                "3": 0.695
            },
            "4": {
                "0": 0.655,
                "1": 0.655,
                "2": 0.655,
                "3": 0.655
            },
            "16": {
                "0": 0.645,
                "1": 0.645,
                "2": 0.645,
                "3": 0.645
            },
            "0.25": {
                "0": 0.77,
                "1": 0.77,
                "2": 0.77,
                "3": 0.77
            }
        },
        "0.015625": {
            "1": {
                "0": 0.41,
                "1": 0.41,
                "2": 0.41,
                "3": 0.41
            },
            "4": {
                "0": 0.41,
                "1": 0.41,
                "2": 0.41,
                "3": 0.41
            },
            "16": {
                "0": 0.41,
                "1": 0.41,
                "2": 0.41,
                "3": 0.41
            },
            "0.25": {
                "0": 0.415,
                "1": 0.415,
                "2": 0.415,
                "3": 0.415
            }
        },
        "0.0625": {
            "1": {
                "0": 0.425,
                "1": 0.425,
                "2": 0.425,
                "3": 0.425
            },
            "4": {
                "0": 0.42,
                "1": 0.42,
                "2": 0.42,
                "3": 0.42
            },
            "16": {
                "0": 0.42,
                "1": 0.42,
                "2": 0.42,
                "3": 0.42
            },
            "0.25": {
                "0": 0.425,
                "1": 0.425,
                "2": 0.425,
                "3": 0.425
            }
        },
        "auto": {
            "1": {
                "0": 0.47,
                "1": 0.47,
                "2": 0.47,
                "3": 0.47
            },
            "4": {
                "0": 0.47,
                "1": 0.47,
                "2": 0.47,
                "3": 0.47
            },
            "16": {
                "0": 0.47,
                "1": 0.47,
                "2": 0.47,
                "3": 0.47
            },
            "0.25": {
                "0": 0.48,
                "1": 0.48,
                "2": 0.48,
                "3": 0.48
            }
        }
    },
    "poly": {
        "0.00390625": {
            "1": {
                "0": 0.5,
                "1": 0.805,
                "2": 0.825,
                "3": 0.85
            },
            "4": {
                "0": 0.5,
                "1": 0.81,
                "2": 0.825,
                "3": 0.875
            },
            "16": {
                "0": 0.5,
                "1": 0.805,
                "2": 0.82,
                "3": 0.88
            },
            "0.25": {
                "0": 0.5,
                "1": 0.8,
                "2": 0.83,
                "3": 0.84
            }
        },
        "0.015625": {
            "1": {
                "0": 0.5,
                "1": 0.81,
                "2": 0.82,
                "3": 0.88
            },
            "4": {
                "0": 0.5,
                "1": 0.805,
                "2": 0.82,
                "3": 0.88
            },
            "16": {
                "0": 0.5,
                "1": 0.805,
                "2": 0.82,
                "3": 0.88
            },
            "0.25": {
                "0": 0.5,
                "1": 0.805,
                "2": 0.825,
                "3": 0.88
            }
        },
        "0.0625": {
            "1": {
                "0": 0.5,
                "1": 0.805,
                "2": 0.82,
                "3": 0.88
            },
            "4": {
                "0": 0.5,
                "1": 0.805,
                "2": 0.82,
                "3": 0.88
            },
            "16": {
                "0": 0.5,
                "1": 0.805,
                "2": 0.82,
                "3": 0.88
            },
            "0.25": {
                "0": 0.5,
                "1": 0.81,
                "2": 0.82,
                "3": 0.88
            }
        },
        "auto": {
            "1": {
                "0": 0.5,
                "1": 0.805,
                "2": 0.82,
                "3": 0.875
            },
            "4": {
                "0": 0.5,
                "1": 0.805,
                "2": 0.82,
                "3": 0.86
            },
            "16": {
                "0": 0.5,
                "1": 0.805,
                "2": 0.82,
                "3": 0.86
            },
            "0.25": {
                "0": 0.5,
                "1": 0.805,
                "2": 0.82,
                "3": 0.88
            }
        }
    },
    "highscore": 0.895,
    "hyperparams": [
        "rbf",
        0.015625,
        4,
        0
    ],
    "acc": 0.8733333333333333
}